<?xml version="1.0" encoding="UTF-8"?>
<project-private xmlns="http://www.netbeans.org/ns/project-private/1">
    <editor-bookmarks xmlns="http://www.netbeans.org/ns/editor-bookmarks/2" lastBookmarkId="0"/>
    <open-files xmlns="http://www.netbeans.org/ns/projectui-open-files/2">
        <group>
            <file>file:/E:/PGP%20Projects/ConsultancyServices/src/java/UpdateValidate.java</file>
            <file>file:/E:/PGP%20Projects/ConsultancyServices/web/Help.jsp</file>
            <file>file:/E:/PGP%20Projects/ConsultancyServices/web/Updationform.jsp</file>
            <file>file:/E:/PGP%20Projects/ConsultancyServices/web/AboutUs.jsp</file>
        </group>
    </open-files>
</project-private>
